City_ID,City,Country,Date,Lat,Lng,Max Temp,Humidity,Cloudiness,Wind Speed,Current description
0,Port Elizabeth,ZA,2021-04-10 01:25:09,-33.918,25.5701,57.2,94,0,3.44,clear sky
1,Atuona,PF,2021-04-10 01:28:54,-9.8,-139.0333,80.49,77,17,13.49,few clouds
2,Kahului,US,2021-04-10 01:28:54,20.8947,-156.47,78.8,57,20,23.02,few clouds
3,Katsuura,JP,2021-04-10 01:28:54,35.1333,140.3,54.0,57,100,3.0,overcast clouds
4,Neuruppin,DE,2021-04-10 01:28:55,52.9282,12.8031,43.0,83,100,2.51,overcast clouds
5,Hobart,AU,2021-04-10 01:28:55,-42.8794,147.3294,51.01,62,75,18.41,broken clouds
6,Bardiyah,LY,2021-04-10 01:28:55,31.7561,25.0865,53.87,54,2,22.77,clear sky
7,Mataura,NZ,2021-04-10 01:28:56,-46.1927,168.8643,55.0,90,100,1.01,overcast clouds
8,Tres Rios,BR,2021-04-10 01:28:56,-22.1167,-43.2092,59.0,98,0,1.63,clear sky
9,Ponta Delgada,PT,2021-04-10 01:28:56,37.7333,-25.6667,59.0,88,40,6.91,scattered clouds
10,Alekseyevsk,RU,2021-04-10 01:28:57,57.8406,108.3492,16.25,76,100,5.61,overcast clouds
11,Ancud,CL,2021-04-10 01:28:57,-41.8697,-73.8203,48.99,93,0,5.75,clear sky
12,Ushuaia,AR,2021-04-10 01:28:57,-54.8,-68.3,44.6,61,40,4.61,scattered clouds
13,Svobodnyy,RU,2021-04-10 01:28:58,51.4,128.1333,48.43,34,4,18.86,clear sky
14,Rikitea,PF,2021-04-10 01:28:58,-23.1203,-134.9692,78.19,74,81,10.76,broken clouds
15,Antalaha,MG,2021-04-10 01:28:58,-14.9003,50.2788,72.88,90,54,5.57,broken clouds
16,Zhigansk,RU,2021-04-10 01:28:58,66.7697,123.3711,4.84,82,100,18.03,overcast clouds
17,Maldonado,UY,2021-04-10 01:28:59,-34.6667,-54.9167,70.0,94,75,5.75,light rain
18,Nikolskoye,RU,2021-04-10 01:28:59,59.7035,30.7861,41.0,75,75,17.9,broken clouds
19,Cape Town,ZA,2021-04-10 01:25:31,-33.9258,18.4232,64.0,94,0,5.75,clear sky
20,Ayr,GB,2021-04-10 01:28:06,55.4627,-4.6339,28.0,93,1,3.44,clear sky
21,Proletariy,RU,2021-04-10 01:29:00,58.4342,31.7046,40.3,66,100,15.66,light rain
22,Hasaki,JP,2021-04-10 01:29:00,35.7333,140.8333,54.0,40,40,9.22,scattered clouds
23,Egvekinot,RU,2021-04-10 01:29:00,66.3167,-179.1667,4.1,66,100,1.9,overcast clouds
24,San Cristobal,VE,2021-04-10 01:29:01,7.7669,-72.225,78.8,83,40,2.3,scattered clouds
25,Bollnas,SE,2021-04-10 01:29:01,61.3482,16.3946,27.0,78,98,3.67,overcast clouds
26,Nipawin,CA,2021-04-10 01:29:01,53.3668,-104.0009,44.6,36,1,2.01,clear sky
27,Klaksvik,FO,2021-04-10 01:29:01,62.2266,-6.589,30.2,69,40,25.32,light snow
28,Albany,US,2021-04-10 01:25:26,42.6001,-73.9662,64.4,51,90,9.22,overcast clouds
29,Kindia,GN,2021-04-10 01:29:02,10.0569,-12.8658,73.26,84,54,3.74,broken clouds
30,Vila Velha,BR,2021-04-10 01:29:02,-20.3297,-40.2925,75.99,64,75,6.91,broken clouds
31,Avarua,CK,2021-04-10 01:29:02,-21.2078,-159.775,84.2,79,87,5.75,overcast clouds
32,Carnarvon,AU,2021-04-10 01:29:03,-24.8667,113.6333,87.8,55,67,14.97,broken clouds
33,Cherskiy,RU,2021-04-10 01:29:03,68.75,161.3,4.37,74,100,4.21,overcast clouds
34,Tura,IN,2021-04-10 01:29:03,25.5198,90.2201,75.43,66,16,3.65,few clouds
35,Torbay,CA,2021-04-10 01:24:16,47.6666,-52.7314,37.0,100,90,10.36,light rain
36,Raha,IN,2021-04-10 01:29:04,26.2333,92.5167,76.19,66,0,2.91,clear sky
37,Arraial Do Cabo,BR,2021-04-10 01:29:04,-22.9661,-42.0278,75.56,74,0,15.73,clear sky
38,Punta Arenas,CL,2021-04-10 01:29:05,-53.15,-70.9167,42.8,81,0,11.5,clear sky
39,Cabo San Lucas,MX,2021-04-10 01:25:17,22.8909,-109.9124,75.2,68,20,3.44,few clouds
40,Herat,AF,2021-04-10 01:29:05,34.5,62.0,63.19,17,97,7.02,overcast clouds
41,Durango,MX,2021-04-10 01:27:15,24.8333,-104.8333,75.69,13,0,22.15,clear sky
42,Ilinskiy,RU,2021-04-10 01:29:06,55.619,38.1182,33.01,80,0,4.47,clear sky
43,Raudeberg,NO,2021-04-10 01:29:06,61.9875,5.1352,36.0,80,100,22.86,overcast clouds
44,Lebu,CL,2021-04-10 01:29:06,-37.6167,-73.65,54.5,82,100,15.5,overcast clouds
45,Jamestown,US,2021-04-10 01:27:35,42.097,-79.2353,59.0,77,1,13.8,clear sky
46,Yellowknife,CA,2021-04-10 01:28:44,62.456,-114.3525,14.0,57,75,16.11,broken clouds
47,Tuktoyaktuk,CA,2021-04-10 01:29:07,69.4541,-133.0374,-14.8,70,75,13.8,snow
48,Sunrise Manor,US,2021-04-10 01:29:07,36.2111,-115.0731,82.4,6,1,3.13,clear sky
49,Thompson,CA,2021-04-10 01:29:07,55.7435,-97.8558,39.2,70,75,10.36,broken clouds
50,Abha,SA,2021-04-10 01:29:08,18.2164,42.5053,64.4,51,20,2.82,few clouds
51,Upernavik,GL,2021-04-10 01:26:39,72.7868,-56.1549,10.53,96,100,13.87,overcast clouds
52,Havre-Saint-Pierre,CA,2021-04-10 01:29:08,50.2334,-63.5986,37.4,41,1,8.05,clear sky
53,Mount Lebanon,US,2021-04-10 01:29:08,40.3554,-80.0495,64.99,68,1,8.05,clear sky
54,Kodiak,US,2021-04-10 01:29:09,57.79,-152.4072,33.8,27,1,12.66,clear sky
55,Xuddur,SO,2021-04-10 01:29:09,4.1213,43.8894,75.74,77,16,9.22,few clouds
56,Fortuna,US,2021-04-10 01:29:09,40.5982,-124.1573,48.99,76,90,13.8,overcast clouds
57,Bukoba,TZ,2021-04-10 01:29:10,-1.3317,31.8122,64.29,81,100,2.95,overcast clouds
58,Port Alfred,ZA,2021-04-10 01:25:00,-33.5906,26.891,62.49,84,86,2.46,overcast clouds
59,Tandil,AR,2021-04-10 01:27:08,-37.3217,-59.1332,62.01,83,66,3.0,broken clouds
60,Marsa Matruh,EG,2021-04-10 01:29:10,31.3525,27.2453,57.2,47,75,18.41,broken clouds
61,Bubaque,GW,2021-04-10 01:29:10,11.2833,-15.8333,76.59,74,2,12.77,clear sky
62,Palmares Do Sul,BR,2021-04-10 01:29:11,-30.2578,-50.5097,74.32,69,100,8.28,overcast clouds
63,Barrow,US,2021-04-10 01:25:01,71.2906,-156.7887,-9.4,70,1,12.66,clear sky
64,Longyearbyen,SJ,2021-04-10 01:29:11,78.2186,15.6401,32.0,69,75,19.57,broken clouds
65,Piney Green,US,2021-04-10 01:29:11,34.716,-77.3202,69.8,73,1,9.22,clear sky
66,Georgetown,MY,2021-04-10 01:29:12,5.4112,100.3354,84.2,78,20,3.44,few clouds
67,Busselton,AU,2021-04-10 01:29:12,-33.65,115.3333,62.01,77,0,8.01,clear sky
68,Ekhabi,RU,2021-04-10 01:29:13,53.5102,142.9671,28.54,72,6,4.16,clear sky
69,Kavaratti,IN,2021-04-10 01:29:13,10.5669,72.642,82.47,66,57,4.03,broken clouds
70,Palana,RU,2021-04-10 01:29:14,59.1167,159.9667,14.22,85,100,20.36,overcast clouds
71,Bluff,NZ,2021-04-10 01:29:14,-46.6,168.3333,55.0,90,100,1.01,light rain
72,Matipo,BR,2021-04-10 01:29:14,-20.2839,-42.3411,62.08,90,30,4.65,scattered clouds
73,Santa Cruz,BO,2021-04-10 01:28:13,-17.8,-63.1667,75.2,94,75,3.44,broken clouds
74,Kavieng,PG,2021-04-10 01:29:15,-2.5744,150.7967,83.88,67,94,3.78,overcast clouds
75,Vaini,TO,2021-04-10 01:29:15,-21.2,-175.2,82.4,74,40,6.91,scattered clouds
76,Cancun,MX,2021-04-10 01:28:23,21.1743,-86.8466,80.6,83,75,9.22,broken clouds
77,East London,ZA,2021-04-10 01:29:15,-33.0153,27.9116,65.12,88,33,3.65,scattered clouds
78,Ukiah,US,2021-04-10 01:29:16,39.1502,-123.2078,62.6,42,1,9.22,clear sky
79,Sitka,US,2021-04-10 01:29:16,57.0531,-135.33,35.6,80,75,9.22,light snow
80,Puerto Ayora,EC,2021-04-10 01:29:16,-0.7393,-90.3518,75.99,96,96,1.99,overcast clouds
81,New Norfolk,AU,2021-04-10 01:29:17,-42.7826,147.0587,51.01,76,30,1.01,moderate rain
82,Okha,RU,2021-04-10 01:29:17,53.5739,142.9478,28.11,73,6,4.61,clear sky
83,Khatanga,RU,2021-04-10 01:29:17,71.9667,102.5,2.35,77,24,6.24,few clouds
84,Port Macquarie,AU,2021-04-10 01:29:18,-31.4333,152.9167,82.0,53,73,1.99,broken clouds
85,Mahebourg,MU,2021-04-10 01:29:18,-20.4081,57.7,77.0,88,75,9.22,broken clouds
86,Conde,BR,2021-04-10 01:29:18,-7.2597,-34.9075,73.4,100,40,6.91,scattered clouds
87,Laguna,US,2021-04-10 01:29:18,38.421,-121.4238,72.0,40,1,11.5,clear sky
88,Starobesheve,UA,2021-04-10 01:29:19,47.7504,38.0305,37.72,61,9,8.63,clear sky
89,Camocim,BR,2021-04-10 01:29:19,-2.9022,-40.8411,78.84,83,54,12.77,broken clouds
90,Fare,PF,2021-04-10 01:29:19,-16.7,-151.0167,82.17,69,100,6.44,overcast clouds
91,Chuy,UY,2021-04-10 01:29:20,-33.6971,-53.4616,67.24,94,100,3.83,moderate rain
92,Lorengau,PG,2021-04-10 01:29:20,-2.0226,147.2712,80.35,84,100,12.06,light rain
93,Ngunguru,NZ,2021-04-10 01:29:20,-35.6167,174.5,66.99,97,100,15.99,light rain
94,Bacnar,PH,2021-04-10 01:29:21,15.8833,120.3333,83.44,61,99,10.83,overcast clouds
95,Novovasylivka,UA,2021-04-10 01:29:21,46.8315,35.7536,37.71,58,28,8.63,scattered clouds
96,Nurota,UZ,2021-04-10 01:29:21,40.5614,65.6886,50.0,76,0,11.5,clear sky
97,Petropavlovsk-Kamchatskiy,RU,2021-04-10 01:29:22,53.0452,158.6483,39.2,41,100,6.71,overcast clouds
98,Bo Rai,TH,2021-04-10 01:29:22,12.5728,102.5371,82.0,99,100,2.08,overcast clouds
99,Svetlaya,RU,2021-04-10 01:29:22,46.5389,138.3297,44.1,47,90,4.07,overcast clouds
100,Hilo,US,2021-04-10 01:27:00,19.7297,-155.09,78.8,53,1,11.5,clear sky
101,Sambava,MG,2021-04-10 01:29:23,-14.2667,50.1667,74.61,89,43,8.57,scattered clouds
102,Ales,FR,2021-04-10 01:29:23,44.1333,4.0833,51.8,66,90,6.91,overcast clouds
103,Hermanus,ZA,2021-04-10 01:29:23,-34.4187,19.2345,64.99,85,100,3.0,overcast clouds
104,Dali,CN,2021-04-10 01:29:24,25.7,100.1833,61.0,60,1,4.88,clear sky
105,Presidencia Roque Saenz Pena,AR,2021-04-10 01:29:24,-26.7852,-60.4388,82.0,79,27,1.99,scattered clouds
106,Andrychow,PL,2021-04-10 01:29:24,49.855,19.3383,36.0,80,0,5.75,clear sky
107,Sohbatpur,PK,2021-04-10 01:29:25,28.5202,68.5434,76.86,16,4,7.94,clear sky
108,Taunggyi,MM,2021-04-10 01:29:25,20.7833,97.0333,70.74,48,0,2.91,clear sky
109,Alcudia,ES,2021-04-10 01:29:25,39.8532,3.1214,53.01,89,100,4.0,overcast clouds
110,Shelburne,CA,2021-04-10 01:29:26,44.0787,-80.2041,57.99,76,100,10.02,overcast clouds
111,Goure,NE,2021-04-10 01:29:26,13.9835,10.2704,78.71,5,89,8.81,overcast clouds
112,Sovetskiy,RU,2021-04-10 01:29:14,61.3614,63.5842,33.75,99,100,2.08,light rain
113,Gafargaon,BD,2021-04-10 01:29:26,24.4333,90.5667,82.4,83,40,6.8,haze
114,Broome,US,2021-04-10 01:29:27,42.2506,-75.833,55.99,71,75,6.91,broken clouds
115,Llanes,ES,2021-04-10 01:29:27,43.4198,-4.7549,55.99,81,77,4.18,light rain
116,Chokurdakh,RU,2021-04-10 01:29:27,70.6333,147.9167,-7.31,90,92,11.88,overcast clouds
117,Mabaruma,GY,2021-04-10 01:29:27,8.2,-59.7833,73.29,99,100,4.18,overcast clouds
118,Pevek,RU,2021-04-10 01:29:28,69.7008,170.3133,-7.4,86,45,3.15,scattered clouds
119,Tecpan,GT,2021-04-10 01:29:28,14.7623,-90.9947,68.0,77,75,9.22,broken clouds
120,Manaquiri,BR,2021-04-10 01:29:28,-3.3167,-60.35,77.0,100,20,3.62,light rain
121,Shubarkuduk,KZ,2021-04-10 01:29:29,49.1447,56.4872,48.45,62,7,18.92,clear sky
122,Kapaa,US,2021-04-10 01:26:11,22.0752,-159.319,77.0,61,20,13.8,few clouds
123,Tiksi,RU,2021-04-10 01:29:29,71.6872,128.8694,-9.27,99,100,6.2,overcast clouds
124,Severo-Kurilsk,RU,2021-04-10 01:29:29,50.6789,156.125,32.45,91,97,6.87,overcast clouds
125,Constitucion,CL,2021-04-10 01:29:30,-35.3333,-72.4167,53.92,86,39,12.15,scattered clouds
126,Riberalta,BO,2021-04-10 01:29:30,-10.9833,-66.1,72.72,99,97,2.15,overcast clouds
127,Kawalu,ID,2021-04-10 01:29:30,-7.3817,108.2082,79.14,77,90,1.59,overcast clouds
128,Richards Bay,ZA,2021-04-10 01:29:31,-28.783,32.0377,66.38,93,3,3.87,clear sky
129,Zhaozhou,CN,2021-04-10 01:29:31,45.6833,125.3167,57.06,17,0,18.12,clear sky
130,Pangai,TO,2021-04-10 01:29:31,-19.8,-174.35,80.6,74,40,5.75,scattered clouds
131,Mogadishu,SO,2021-04-10 01:24:41,2.0371,45.3438,81.52,77,90,8.23,light rain
132,Flinders,AU,2021-04-10 01:29:32,-34.5833,150.8552,71.01,49,29,5.01,scattered clouds
133,Yerbogachen,RU,2021-04-10 01:29:32,61.2767,108.0108,8.58,79,7,8.97,clear sky
134,Lujan,AR,2021-04-10 01:29:33,-34.5703,-59.105,72.0,99,100,4.0,overcast clouds
135,San Vicente,AR,2021-04-10 01:29:33,-26.6167,-54.1333,69.04,71,42,2.86,scattered clouds
136,Newcastle,AU,2021-04-10 01:25:08,-32.9272,151.7765,75.0,60,19,14.97,few clouds
137,Napasar,IN,2021-04-10 01:29:33,27.9667,73.55,75.24,14,0,10.45,clear sky
138,Saint George,US,2021-04-10 01:28:42,37.1041,-113.5841,78.01,8,1,10.36,clear sky
139,Jiaojiang,CN,2021-04-10 01:29:34,28.6803,121.4428,62.01,99,100,7.4,overcast clouds
140,Umm Kaddadah,SD,2021-04-10 01:29:34,13.6017,26.6876,73.45,12,50,13.8,scattered clouds
141,Belawan,ID,2021-04-10 01:29:34,3.7755,98.6832,78.8,94,40,3.44,mist
142,Puqi,CN,2021-04-10 01:29:35,29.7167,113.8833,61.9,72,100,0.4,overcast clouds
143,Toba,JP,2021-04-10 01:29:35,34.4833,136.85,51.01,49,47,5.99,scattered clouds
144,Bengkulu,ID,2021-04-10 01:29:35,-3.8004,102.2655,78.66,83,33,4.47,scattered clouds
145,Solwezi,ZM,2021-04-10 01:29:36,-12.1688,26.3894,56.62,87,90,4.7,overcast clouds
146,Dickinson,US,2021-04-10 01:27:27,29.4608,-95.0513,75.2,88,90,11.5,mist
147,Roald,NO,2021-04-10 01:29:36,62.5833,6.1333,34.0,86,75,14.97,snow
148,Pocone,BR,2021-04-10 01:29:36,-16.2567,-56.6228,80.55,64,52,6.73,broken clouds
149,Hithadhoo,MV,2021-04-10 01:29:37,-0.6,73.0833,82.62,68,0,9.06,clear sky
150,Takaungu,KE,2021-04-10 01:29:37,-3.6837,39.8566,80.6,89,40,4.61,light rain
151,Livingston,GB,2021-04-10 01:26:22,55.9029,-3.5226,30.0,86,0,3.44,clear sky
152,Puerto Baquerizo Moreno,EC,2021-04-10 01:29:37,-0.9,-89.6,73.81,88,100,0.72,overcast clouds
153,Faanui,PF,2021-04-10 01:29:38,-16.4833,-151.75,82.29,69,91,6.71,overcast clouds
154,Kabare,CD,2021-04-10 01:29:38,-2.4683,28.8242,61.74,91,100,0.54,overcast clouds
155,Naze,JP,2021-04-10 01:28:22,28.3667,129.4833,68.0,77,75,21.85,broken clouds
156,Shingu,JP,2021-04-10 01:29:38,33.7333,135.9833,53.6,35,0,6.91,clear sky
157,Qaanaaq,GL,2021-04-10 01:29:39,77.484,-69.3632,11.21,59,100,8.14,overcast clouds
158,Vardo,NO,2021-04-10 01:29:39,70.3705,31.1107,17.6,67,0,12.66,clear sky
159,Carutapera,BR,2021-04-10 01:26:15,-1.195,-46.02,76.8,91,95,6.76,overcast clouds
160,Mar Del Plata,AR,2021-04-10 01:28:33,-38.0023,-57.5575,64.0,88,40,9.22,scattered clouds
161,Ponta Do Sol,PT,2021-04-10 01:29:40,32.6667,-17.1,61.0,77,43,1.99,scattered clouds
162,Dalvik,IS,2021-04-10 01:29:40,65.9702,-18.5286,15.8,73,0,3.44,clear sky
163,Fairbanks,US,2021-04-10 01:29:40,64.8378,-147.7164,3.99,51,75,5.75,broken clouds
164,Chabahar,IR,2021-04-10 01:29:40,25.2919,60.643,75.7,74,0,3.67,clear sky
165,Tabou,CI,2021-04-10 01:29:41,4.423,-7.3528,79.38,85,100,2.19,light rain
166,Navolato,MX,2021-04-10 01:27:39,24.7672,-107.6944,78.8,57,1,9.22,clear sky
167,Tultitlan,MX,2021-04-10 01:29:41,19.6472,-99.1708,68.0,42,75,13.8,broken clouds
168,Beringovskiy,RU,2021-04-10 01:29:41,63.05,179.3167,7.54,93,100,20.09,snow
169,Coihaique,CL,2021-04-10 01:29:42,-45.5752,-72.0662,41.97,89,5,4.85,clear sky
170,Kaitangata,NZ,2021-04-10 01:29:42,-46.2817,169.8464,62.01,92,100,11.01,overcast clouds
171,New Smyrna Beach,US,2021-04-10 01:25:01,29.0258,-80.927,71.6,73,75,12.66,broken clouds
172,Lagoa,PT,2021-04-10 01:29:42,39.05,-27.9833,58.44,85,100,17.0,overcast clouds
173,Srednekolymsk,RU,2021-04-10 01:29:43,67.45,153.6833,4.62,84,100,9.37,overcast clouds
174,Taoudenni,ML,2021-04-10 01:29:43,22.6783,-3.9836,83.62,14,0,10.54,clear sky
175,Yeniseysk,RU,2021-04-10 01:29:43,58.4497,92.1703,31.66,76,96,5.91,overcast clouds
176,Provideniya,RU,2021-04-10 01:29:44,64.3833,-173.3,2.34,84,100,15.75,overcast clouds
177,Luderitz,NA,2021-04-10 01:29:44,-26.6481,15.1594,73.36,49,0,5.28,clear sky
178,Chimbote,PE,2021-04-10 01:24:53,-9.0853,-78.5783,69.42,85,31,8.39,scattered clouds
179,Nanortalik,GL,2021-04-10 01:29:44,60.1432,-45.2371,36.21,96,100,7.49,overcast clouds
180,Pisco,PE,2021-04-10 01:29:45,-13.7,-76.2167,68.0,77,0,19.57,clear sky
181,The Valley,AI,2021-04-10 01:26:24,18.217,-63.0578,77.0,61,20,11.5,few clouds
182,Brae,GB,2021-04-10 01:29:45,60.3964,-1.353,33.8,80,40,12.66,light snow
183,Aitape,PG,2021-04-10 01:29:45,-3.1374,142.3475,81.55,85,100,6.64,moderate rain
184,Uthal,PK,2021-04-10 01:29:46,25.8072,66.6219,75.99,60,0,5.53,clear sky
185,Necochea,AR,2021-04-10 01:29:46,-38.5473,-58.7368,60.26,84,1,6.29,clear sky
186,Port Talbot,GB,2021-04-10 01:29:46,51.5924,-3.7802,39.0,75,61,1.01,broken clouds
187,Torata,PE,2021-04-10 01:29:47,-17.0769,-70.8433,59.5,66,100,2.77,overcast clouds
188,Bathsheba,BB,2021-04-10 01:29:47,13.2167,-59.5167,78.8,65,20,9.22,few clouds
189,Port Blair,IN,2021-04-10 01:29:47,11.6667,92.75,82.29,72,36,2.82,scattered clouds
190,Ilulissat,GL,2021-04-10 01:25:45,69.2167,-51.1,26.6,86,75,14.97,broken clouds
191,Narsaq,GL,2021-04-10 01:25:59,60.9167,-46.05,37.4,75,75,3.44,broken clouds
192,Bada,RU,2021-04-10 01:29:48,51.392,109.8717,33.1,61,82,12.28,broken clouds
193,Zubova Polyana,RU,2021-04-10 01:29:48,54.0771,42.8372,33.24,87,93,5.03,overcast clouds
194,Cururupu,BR,2021-04-10 01:26:54,-1.8283,-44.8683,76.42,90,55,3.87,broken clouds
195,Bac Lieu,VN,2021-04-10 01:29:49,9.285,105.7244,83.82,68,47,13.67,scattered clouds
196,Saldanha,ZA,2021-04-10 01:29:49,-33.0117,17.9442,59.0,94,100,5.75,overcast clouds
197,Celestun,MX,2021-04-10 01:29:49,20.8667,-90.4,79.14,82,0,15.28,clear sky
198,Pangnirtung,CA,2021-04-10 01:29:49,66.1451,-65.7125,5.81,95,95,5.79,overcast clouds
199,Victoria,HK,2021-04-10 01:29:50,22.2855,114.1577,71.01,61,52,3.0,broken clouds
200,Maua,BR,2021-04-10 01:29:50,-23.6678,-46.4614,71.01,91,0,1.01,clear sky
201,Yulara,AU,2021-04-10 01:29:50,-25.2406,130.9889,77.0,41,100,16.11,overcast clouds
202,Saint-Augustin,CA,2021-04-10 01:26:54,51.226,-58.6502,30.7,75,41,13.53,scattered clouds
203,Waitati,NZ,2021-04-10 01:29:51,-45.75,170.5667,54.0,93,100,11.99,overcast clouds
204,Darhan,MN,2021-04-10 01:29:51,49.4867,105.9228,36.21,53,100,12.71,overcast clouds
205,Iqaluit,CA,2021-04-10 01:29:51,63.7506,-68.5145,5.0,78,75,12.66,broken clouds
206,Nantucket,US,2021-04-10 01:29:52,41.2835,-70.0995,42.8,93,90,10.36,fog
207,Sorland,NO,2021-04-10 01:29:52,67.667,12.6934,34.92,48,100,17.58,overcast clouds
208,Acajutla,SV,2021-04-10 01:25:29,13.5928,-89.8275,73.99,94,100,5.01,overcast clouds
209,Ginir,ET,2021-04-10 01:29:52,7.1333,40.7,58.19,57,81,5.57,broken clouds
210,Pitimbu,BR,2021-04-10 01:29:53,-7.4706,-34.8086,73.4,100,40,6.91,scattered clouds
211,Chapleau,CA,2021-04-10 01:29:53,47.8405,-83.4034,51.8,76,90,8.05,overcast clouds
212,Ushtobe,KZ,2021-04-10 01:29:53,45.2514,77.9838,50.5,56,86,6.42,overcast clouds
213,Lerwick,GB,2021-04-10 01:29:54,60.1545,-1.1494,33.8,80,40,12.66,scattered clouds
214,Vestmannaeyjar,IS,2021-04-10 01:29:54,63.4427,-20.2734,28.36,52,0,10.92,clear sky
215,Rentina,GR,2021-04-10 01:29:54,40.6574,23.614,39.99,61,0,3.0,clear sky
216,Newport,GB,2021-04-10 01:29:54,51.5877,-2.9984,43.0,76,87,9.89,overcast clouds
217,Sisimiut,GL,2021-04-10 01:29:55,66.9395,-53.6735,24.58,91,96,8.97,overcast clouds
218,Husavik,IS,2021-04-10 01:27:12,66.0449,-17.3389,15.8,73,0,3.44,clear sky
219,Port Hawkesbury,CA,2021-04-10 01:29:55,45.6169,-61.3485,39.99,93,1,9.22,clear sky
220,Mehamn,NO,2021-04-10 01:29:55,71.0357,27.8492,21.85,65,91,10.25,overcast clouds
221,Eydhafushi,MV,2021-04-10 01:29:56,5.1033,73.0708,81.82,74,3,5.79,clear sky
222,Sterling,US,2021-04-10 01:26:57,39.0062,-77.4286,59.0,94,90,5.75,overcast clouds
223,San Luis,AR,2021-04-10 01:29:56,-33.295,-66.3356,57.94,89,100,11.77,overcast clouds
224,Mount Gambier,AU,2021-04-10 01:29:56,-37.8333,140.7667,60.8,59,75,21.85,broken clouds
225,Norman Wells,CA,2021-04-10 01:29:57,65.282,-126.8329,-2.2,60,75,20.71,snow
226,Saint-Philippe,RE,2021-04-10 01:29:57,-21.3585,55.7679,77.0,69,100,5.75,light rain
227,Athmallik,IN,2021-04-10 01:29:57,20.7219,84.5348,79.03,60,77,2.68,broken clouds
228,Rundu,NA,2021-04-10 01:29:58,-17.9333,19.7667,60.15,45,0,6.08,clear sky
229,Severnoye,RU,2021-04-10 01:29:58,56.3491,78.3619,32.92,81,100,7.9,overcast clouds
230,Champerico,GT,2021-04-10 01:29:58,14.3,-91.9167,84.2,79,40,6.91,scattered clouds
231,Petropavlivka,UA,2021-04-10 01:29:59,48.4564,36.4367,38.05,62,14,7.61,few clouds
232,Ternate,ID,2021-04-10 01:29:59,0.8,127.4,83.52,69,100,0.89,overcast clouds
233,Sola,VU,2021-04-10 01:29:59,-13.8833,167.55,89.6,74,75,4.61,broken clouds
234,Victor Harbor,AU,2021-04-10 01:30:00,-35.5667,138.6167,63.0,66,92,4.0,overcast clouds
235,Manyana,BW,2021-04-10 01:30:00,-23.4,21.7167,65.84,43,0,7.11,clear sky
236,Tigil,RU,2021-04-10 01:30:00,57.8,158.6667,20.32,84,100,16.26,overcast clouds
237,Loreto,MX,2021-04-10 01:30:00,22.2667,-101.9667,75.88,9,1,10.76,clear sky
238,Barka Kana,IN,2021-04-10 01:30:01,23.6167,85.4833,69.8,78,40,4.63,haze
239,Salalah,OM,2021-04-10 01:25:30,17.0151,54.0924,78.8,73,20,3.44,few clouds
240,Zhezkazgan,KZ,2021-04-10 01:30:01,47.8043,67.7144,39.02,81,0,14.36,clear sky
241,Xichang,CN,2021-04-10 01:30:02,27.8964,102.2634,66.92,57,52,2.82,broken clouds
242,Novobirilyussy,RU,2021-04-10 01:30:02,56.9514,90.6661,32.49,91,98,5.57,overcast clouds
243,Asasa,ET,2021-04-10 01:30:02,7.1,39.2,52.97,67,64,0.34,broken clouds
244,Hambantota,LK,2021-04-10 01:30:03,6.1241,81.1185,75.2,100,20,3.44,few clouds
245,Kamenka,RU,2021-04-10 01:30:03,51.3223,42.7678,37.0,83,100,13.42,overcast clouds
246,Multai,IN,2021-04-10 01:30:03,21.7667,78.25,81.86,37,9,6.91,clear sky
247,Kloulklubed,PW,2021-04-10 01:30:04,7.0419,134.2556,86.0,70,75,3.44,broken clouds
248,Talaya,RU,2021-04-10 01:30:04,61.3833,152.75,10.17,80,100,6.08,overcast clouds
249,Codrington,AU,2021-04-10 01:30:04,-38.2667,141.9667,56.17,61,100,24.92,overcast clouds
250,Namibe,AO,2021-04-10 01:28:56,-15.1961,12.1522,78.91,80,92,6.11,overcast clouds
251,Honiara,SB,2021-04-10 01:30:05,-9.4333,159.95,82.38,80,100,7.4,heavy intensity rain
252,Kuytun,RU,2021-04-10 01:30:05,54.3419,101.5036,27.32,72,100,6.67,overcast clouds
253,Rocha,UY,2021-04-10 01:30:05,-34.4833,-54.3333,64.71,92,100,3.15,overcast clouds
254,Mezen,RU,2021-04-10 01:30:05,65.8522,44.24,32.7,80,100,17.0,overcast clouds
255,Rudnichnyy,RU,2021-04-10 01:30:06,59.617,52.4703,24.62,98,50,2.8,scattered clouds
256,Castro,BR,2021-04-10 01:30:06,-24.7911,-50.0119,61.83,73,64,2.68,broken clouds
257,Okhotsk,RU,2021-04-10 01:30:06,59.3833,143.3,24.15,63,98,3.11,overcast clouds
258,Port Lincoln,AU,2021-04-10 01:30:07,-34.7333,135.8667,63.7,54,91,20.67,overcast clouds
259,Bilibino,RU,2021-04-10 01:30:07,68.0546,166.4372,6.12,61,7,3.22,clear sky
260,Teya,RU,2021-04-10 01:30:07,60.3778,92.6267,27.5,83,49,2.84,scattered clouds
261,Nemuro,JP,2021-04-10 01:27:07,43.3236,145.575,42.8,49,75,12.66,broken clouds
262,Puerto Leguizamo,CO,2021-04-10 01:30:08,-0.1934,-74.7819,73.49,96,100,2.13,overcast clouds
263,Dunmore Town,BS,2021-04-10 01:30:08,25.5,-76.65,74.39,63,27,13.35,scattered clouds
264,Natal,BR,2021-04-10 01:26:17,-5.795,-35.2094,78.8,83,0,10.36,clear sky
265,Zyryanka,RU,2021-04-10 01:30:09,65.75,150.85,9.66,78,100,14.03,overcast clouds
266,Esperance,AU,2021-04-10 01:30:09,-33.8667,121.9,64.4,55,90,10.36,overcast clouds
267,Panguna,PG,2021-04-10 01:30:09,-6.3164,155.4848,80.08,70,43,2.55,light rain
268,Tommot,RU,2021-04-10 01:27:14,58.9564,126.2925,21.22,91,100,10.51,snow
269,Los Llanos De Aridane,ES,2021-04-10 01:30:10,28.6585,-17.9182,64.4,72,0,4.61,clear sky
270,Bergen,NO,2021-04-10 01:30:10,60.392,5.328,33.01,100,75,2.3,light snow
271,Labuhan,ID,2021-04-10 01:30:10,-6.8844,112.2051,83.32,75,76,0.85,broken clouds
272,Tezu,IN,2021-04-10 01:30:11,27.9167,96.1667,77.02,58,52,3.04,broken clouds
273,Turhal,TR,2021-04-10 01:30:11,40.3875,36.0811,35.6,60,75,14.97,broken clouds
274,Davila,PH,2021-04-10 01:30:11,18.4726,120.5763,87.8,48,20,5.75,few clouds
275,North Platte,US,2021-04-10 01:30:12,41.1239,-100.7654,42.8,70,75,12.66,broken clouds
276,Dunedin,NZ,2021-04-10 01:26:01,-45.8742,170.5036,54.0,92,100,1.01,light rain
277,Tomatlan,MX,2021-04-10 01:27:26,19.9333,-105.25,75.29,63,0,4.07,clear sky
278,Vigrestad,NO,2021-04-10 01:30:12,58.5667,5.7,33.01,95,22,16.04,few clouds
279,Pachino,IT,2021-04-10 01:30:12,36.7186,15.0907,39.2,87,5,2.3,clear sky
280,Sonoita,MX,2021-04-10 01:30:13,31.85,-112.8333,88.0,6,73,9.37,broken clouds
281,Tarakan,ID,2021-04-10 01:30:00,3.3,117.6333,78.8,89,75,5.75,moderate rain
282,Murbad,IN,2021-04-10 01:30:13,19.25,73.4,80.6,83,40,6.91,smoke
283,Tasiilaq,GL,2021-04-10 01:30:13,65.6145,-37.6368,23.0,80,100,4.61,overcast clouds
284,Gizo,SB,2021-04-10 01:30:14,-8.103,156.8419,83.91,73,83,8.19,light rain
285,Atherton,GB,2021-04-10 01:30:14,53.5237,-2.4935,37.99,64,6,3.06,clear sky
286,Lahij,YE,2021-04-10 01:30:14,13.1667,44.5833,69.66,50,8,3.85,clear sky
287,Marystown,CA,2021-04-10 01:30:15,47.1666,-55.1483,42.15,92,100,19.04,overcast clouds
288,Yaan,NG,2021-04-10 01:30:15,7.3833,8.5667,80.44,70,89,9.84,overcast clouds
289,Dikson,RU,2021-04-10 01:30:15,73.5069,80.5464,28.35,92,100,30.42,light snow
290,Iguape,BR,2021-04-10 01:30:16,-24.7081,-47.5553,70.48,89,52,2.66,broken clouds
291,Talnakh,RU,2021-04-10 01:30:16,69.4865,88.3972,23.04,94,100,14.16,overcast clouds
292,Cidreira,BR,2021-04-10 01:30:16,-30.1811,-50.2056,74.3,80,100,9.1,overcast clouds
293,Wexford,IE,2021-04-10 01:30:17,52.3342,-6.4575,37.0,83,55,3.0,broken clouds
294,Arman,RU,2021-04-10 01:30:17,59.7,150.1667,25.14,59,60,3.36,broken clouds
295,Aljezur,PT,2021-04-10 01:29:22,37.3191,-8.8033,56.62,94,78,6.26,broken clouds
296,Shubarshi,KZ,2021-04-10 01:30:17,48.5872,57.1869,47.77,63,7,16.2,clear sky
297,Touros,BR,2021-04-10 01:30:18,-5.1989,-35.4608,78.8,83,0,6.91,clear sky
298,Taksimo,RU,2021-04-10 01:30:18,56.3444,114.8794,21.25,47,16,9.01,few clouds
299,Grindavik,IS,2021-04-10 01:30:18,63.8424,-22.4338,26.6,80,20,6.91,few clouds
300,Taltal,CL,2021-04-10 01:30:18,-25.4,-70.4833,64.96,81,83,1.86,broken clouds
301,Havelock,US,2021-04-10 01:30:19,34.8791,-76.9013,68.0,81,100,4.0,overcast clouds
302,Ribeira Grande,PT,2021-04-10 01:30:19,38.5167,-28.7,59.77,88,100,16.78,overcast clouds
303,Pozo Colorado,PY,2021-04-10 01:30:19,-23.4923,-58.7972,80.96,55,100,5.01,overcast clouds
304,Butaritari,KI,2021-04-10 01:30:20,3.0707,172.7902,82.22,76,100,15.61,overcast clouds
305,Khipro,PK,2021-04-10 01:30:20,25.8285,69.3772,80.94,21,42,2.46,scattered clouds
306,Sahuaripa,MX,2021-04-10 01:30:20,29.05,-109.2333,80.28,12,71,7.11,broken clouds
307,Avera,US,2021-04-10 01:30:21,33.194,-82.5271,66.2,85,1,6.62,clear sky
308,Airai,TL,2021-04-10 01:30:21,-8.9266,125.4092,72.64,50,9,3.11,clear sky
309,Baykit,RU,2021-04-10 01:30:21,61.67,96.37,22.12,78,16,1.21,few clouds
310,Leh,IN,2021-04-10 01:30:22,34.1667,77.5833,26.69,53,19,1.43,few clouds
311,Saint-Francois,FR,2021-04-10 01:30:22,46.4154,3.9054,46.99,87,90,9.22,light rain
312,Manga,BF,2021-04-10 01:30:22,11.6636,-1.0731,87.66,13,60,8.08,broken clouds
313,Bredasdorp,ZA,2021-04-10 01:30:23,-34.5322,20.0403,62.6,94,100,5.08,overcast clouds
314,Araceli,PH,2021-04-10 01:30:23,10.5529,119.9913,82.4,75,34,15.66,scattered clouds
315,Tabas,IR,2021-04-10 01:30:23,33.5959,56.9244,70.88,18,69,5.53,broken clouds
316,Angola,AO,2021-04-10 01:30:24,-12.5,18.5,57.79,85,94,3.04,overcast clouds
317,Callaguip,PH,2021-04-10 01:30:24,18.0714,120.4867,87.8,48,20,5.75,few clouds
318,Pudozh,RU,2021-04-10 01:30:24,61.8099,36.5345,35.51,87,100,15.32,light rain
319,Teguise,ES,2021-04-10 01:30:24,29.0605,-13.564,64.4,77,0,3.44,clear sky
320,La Ronge,CA,2021-04-10 01:30:25,55.1001,-105.2842,37.4,44,15,5.75,few clouds
321,Bure,ET,2021-04-10 01:30:25,10.7,37.0667,65.3,24,77,3.27,broken clouds
322,Pandan,PH,2021-04-10 01:30:25,14.0453,124.1694,82.29,65,100,9.33,overcast clouds
323,Tiarei,PF,2021-04-10 01:30:26,-17.5333,-149.3333,86.0,66,40,5.75,scattered clouds
324,Aswan,EG,2021-04-10 01:30:26,24.0934,32.907,71.01,29,0,16.17,clear sky
325,Evensk,RU,2021-04-10 01:30:26,61.95,159.2333,22.23,64,0,8.41,clear sky
326,Nalut,LY,2021-04-10 01:30:27,30.3333,10.85,54.95,63,97,20.85,overcast clouds
327,San Andres,CO,2021-04-10 01:30:27,12.5847,-81.7006,80.6,83,75,6.91,broken clouds
328,Hailin,CN,2021-04-10 01:30:27,44.5833,129.4167,49.86,27,12,6.89,few clouds
329,Oistins,BB,2021-04-10 01:30:28,13.0667,-59.5333,78.8,65,20,9.22,few clouds
330,Mokrousovo,RU,2021-04-10 01:30:28,55.8103,66.7653,33.15,98,100,3.91,overcast clouds
331,Chara,RU,2021-04-10 01:30:28,56.9064,118.2631,18.27,65,100,8.66,overcast clouds
332,Alofi,NU,2021-04-10 01:30:28,-19.0595,-169.9187,78.8,78,99,5.75,overcast clouds
333,Bethel,US,2021-04-10 01:30:29,41.3712,-73.414,53.01,82,100,3.78,overcast clouds
334,Ovsyanka,RU,2021-04-10 01:30:29,55.9575,92.5519,37.4,56,0,6.71,light snow
335,Tres Arroyos,AR,2021-04-10 01:30:29,-38.3739,-60.2798,59.5,90,9,4.76,clear sky
336,Krasnyy Chikoy,RU,2021-04-10 01:30:30,50.3643,108.7512,37.06,50,100,7.63,overcast clouds
337,Dalby,AU,2021-04-10 01:30:30,-27.1833,151.2667,80.6,41,0,12.66,clear sky
338,Trincomalee,LK,2021-04-10 01:30:30,8.5711,81.2335,80.24,78,37,5.86,scattered clouds
339,Ferrol,ES,2021-04-10 01:30:31,43.4832,-8.2369,55.99,87,11,1.99,few clouds
340,Antofagasta,CL,2021-04-10 01:30:31,-23.65,-70.4,62.6,77,75,9.22,broken clouds
341,San Patricio,US,2021-04-10 01:30:31,28.017,-97.5169,80.6,78,1,11.5,clear sky
342,Chunskiy,RU,2021-04-10 01:30:32,56.0815,99.6342,28.38,68,98,6.62,overcast clouds
343,Huaibei,CN,2021-04-10 01:30:32,33.9744,116.7917,60.53,38,3,12.64,clear sky
344,Kargasok,RU,2021-04-10 01:30:32,59.0556,80.8572,37.42,72,99,4.03,overcast clouds
345,Charcas,MX,2021-04-10 01:30:33,23.1333,-101.1167,72.03,11,33,5.82,scattered clouds
346,Bambanglipuro,ID,2021-04-10 01:30:33,-7.95,110.2833,84.24,69,61,3.36,broken clouds
347,Minudasht,IR,2021-04-10 01:30:33,37.2289,55.3747,57.2,77,0,4.61,clear sky
348,Beloha,MG,2021-04-10 01:30:34,-25.1667,45.05,69.91,97,27,5.3,scattered clouds
349,Havoysund,NO,2021-04-10 01:30:34,70.9963,24.6622,19.4,73,75,9.98,broken clouds
350,Praya,CV,2021-04-10 01:30:34,14.9215,-23.5087,69.8,73,20,17.27,few clouds
351,Souillac,MU,2021-04-10 01:30:35,-20.5167,57.5167,77.0,88,75,9.22,light rain
352,Pangkalanbuun,ID,2021-04-10 01:30:35,-2.6833,111.6167,86.25,64,95,2.01,overcast clouds
353,Guerrero Negro,MX,2021-04-10 01:30:35,27.9769,-114.0611,60.4,82,36,19.1,scattered clouds
354,Bambous Virieux,MU,2021-04-10 01:30:36,-20.3428,57.7575,79.0,88,75,9.22,light rain
355,Gelnhausen,DE,2021-04-10 01:30:36,50.2,9.1833,48.0,70,100,12.46,overcast clouds
356,Colares,PT,2021-04-10 01:30:36,38.7992,-9.4469,62.01,86,95,11.5,overcast clouds
357,Juneau,US,2021-04-10 01:30:37,58.3019,-134.4197,35.6,69,75,5.75,broken clouds
358,Podujevo,XK,2021-04-10 01:28:04,42.9106,21.1931,32.0,69,0,2.3,clear sky
359,Sept-Iles,CA,2021-04-10 01:30:37,50.2001,-66.3821,42.8,36,1,5.75,clear sky
360,Clyde River,CA,2021-04-10 01:29:16,70.4692,-68.5914,5.0,85,1,3.44,clear sky
361,Sao Joao Da Barra,BR,2021-04-10 01:30:38,-21.6403,-41.0511,73.6,72,0,5.77,clear sky
362,Road Town,VG,2021-04-10 01:29:06,18.4167,-64.6167,77.0,65,40,9.22,scattered clouds
363,Uberaba,BR,2021-04-10 01:30:38,-19.7483,-47.9319,75.2,50,0,4.61,clear sky
364,Hami,CN,2021-04-10 01:30:38,42.8,93.45,56.5,33,100,9.8,overcast clouds
365,Songea,TZ,2021-04-10 01:27:08,-10.6833,35.65,59.88,96,58,2.73,broken clouds
366,Sao Felix Do Xingu,BR,2021-04-10 01:30:39,-6.6447,-51.995,73.47,88,47,1.72,light rain
367,Bacolod,PH,2021-04-10 01:30:39,10.6667,122.95,87.35,58,92,12.26,overcast clouds
368,Aurora,US,2021-04-10 01:30:40,39.7294,-104.8319,48.0,33,20,16.11,few clouds
369,Ostrovnoy,RU,2021-04-10 01:30:40,68.0531,39.5131,32.67,86,94,31.88,overcast clouds
370,Mahuta,TZ,2021-04-10 01:30:40,-10.8667,39.45,65.28,97,34,3.13,scattered clouds
371,Hadrut,AZ,2021-04-10 01:30:41,39.52,47.0318,53.19,73,99,5.95,overcast clouds
372,Padang,ID,2021-04-10 01:30:41,-0.9492,100.3543,78.8,89,20,2.3,few clouds
373,Tymovskoye,RU,2021-04-10 01:30:41,50.8456,142.655,37.15,71,44,3.6,scattered clouds
374,Chapais,CA,2021-04-10 01:30:41,49.7834,-74.8492,46.4,76,1,9.22,clear sky
375,Kirakira,SB,2021-04-10 01:30:42,-10.4544,161.9205,84.22,73,95,11.34,moderate rain
376,Fort Nelson,CA,2021-04-10 01:30:08,58.8053,-122.7002,28.4,64,75,16.11,broken clouds
377,Puerto Colombia,CO,2021-04-10 01:30:42,10.9878,-74.9547,78.8,83,20,5.75,few clouds
378,Russell,US,2021-04-10 01:30:43,32.3502,-85.1999,62.6,94,20,3.44,mist
379,Jumla,NP,2021-04-10 01:30:43,29.2747,82.1838,52.41,20,0,1.92,clear sky
380,Saint-Pierre,RE,2021-04-10 01:30:43,-21.3393,55.4781,77.0,69,100,5.75,overcast clouds
381,Lavrentiya,RU,2021-04-10 01:30:43,65.5833,-171.0,0.36,85,100,7.56,overcast clouds
382,San Juan,AR,2021-04-10 01:26:13,-31.5375,-68.5364,55.81,71,100,12.97,overcast clouds
383,Talas,TR,2021-04-10 01:30:44,38.6908,35.5538,33.8,75,90,12.66,light snow
384,Pestretsy,RU,2021-04-10 01:30:44,55.7531,49.6545,33.8,93,0,6.71,light snow
385,Barinas,VE,2021-04-10 01:30:45,8.6226,-70.2075,80.47,72,100,2.26,overcast clouds
386,Strezhevoy,RU,2021-04-10 01:30:45,60.7333,77.5889,30.2,80,0,4.47,clear sky
387,Slave Lake,CA,2021-04-10 01:30:08,55.2834,-114.769,41.0,45,75,6.91,broken clouds
388,Montreux,CH,2021-04-10 01:30:45,46.433,6.9114,48.99,73,100,3.0,light rain
389,New Lenox,US,2021-04-10 01:30:46,41.512,-87.9656,59.0,82,1,6.91,clear sky
390,Manggar,ID,2021-04-10 01:30:46,-2.8833,108.2667,84.51,69,99,4.68,overcast clouds
391,Acapulco,MX,2021-04-10 01:26:22,16.8634,-99.8901,80.6,69,75,8.05,broken clouds
392,Severo-Yeniseyskiy,RU,2021-04-10 01:30:46,60.3725,93.0408,23.2,82,21,3.51,few clouds
393,Inirida,CO,2021-04-10 01:30:47,3.8653,-67.9239,74.28,96,100,1.39,overcast clouds
394,Sao Jose Da Coroa Grande,BR,2021-04-10 01:30:47,-8.8978,-35.1478,77.67,84,83,9.31,broken clouds
395,Luau,AO,2021-04-10 01:30:47,-10.7073,22.2247,61.93,72,100,3.53,overcast clouds
396,Buraydah,SA,2021-04-10 01:30:48,26.326,43.975,80.6,39,20,5.75,few clouds
397,Hofn,IS,2021-04-10 01:30:48,64.2539,-15.2082,24.44,52,4,11.05,clear sky
398,High Level,CA,2021-04-10 01:27:17,58.5169,-117.136,41.0,56,75,5.19,broken clouds
399,Tshikapa,CD,2021-04-10 01:30:48,-6.4167,20.8,68.68,97,100,1.77,overcast clouds
400,Mugur-Aksy,RU,2021-04-10 01:30:49,50.35,90.5,21.29,82,92,7.56,overcast clouds
401,Tayoltita,MX,2021-04-10 01:30:49,24.0833,-105.9333,66.07,62,0,2.75,clear sky
402,Kovur,IN,2021-04-10 01:30:49,14.4833,79.9833,81.3,73,100,9.95,overcast clouds
403,Bogovina,RS,2021-04-10 01:30:49,43.895,21.9403,36.0,38,15,1.19,few clouds
404,Kruisfontein,ZA,2021-04-10 01:30:50,-34.0033,24.7314,57.24,83,69,2.28,broken clouds
405,Paamiut,GL,2021-04-10 01:30:50,61.994,-49.6678,33.78,87,100,6.4,overcast clouds
406,Iracoubo,GF,2021-04-10 01:30:50,5.4802,-53.2011,75.65,91,100,5.5,overcast clouds
407,Tarko-Sale,RU,2021-04-10 01:30:51,64.9225,77.785,33.22,94,100,18.28,overcast clouds
408,Ossora,RU,2021-04-10 01:30:51,59.2353,163.0719,18.93,81,100,14.34,overcast clouds
409,Piacabucu,BR,2021-04-10 01:30:51,-10.4056,-36.4344,79.38,72,100,7.4,overcast clouds
410,Ambon,ID,2021-04-10 01:30:52,-3.6954,128.1814,78.8,89,40,6.91,heavy intensity rain
411,Gainesville,US,2021-04-10 01:27:30,29.6516,-82.3248,73.4,60,75,5.75,broken clouds
412,Bowen,AU,2021-04-10 01:30:52,-20.0167,148.2333,86.0,58,5,11.5,clear sky
413,Bukachacha,RU,2021-04-10 01:30:52,52.9833,116.9167,38.1,46,2,10.47,clear sky
414,Mudgal,IN,2021-04-10 01:30:53,16.0167,76.4333,80.96,35,82,11.34,broken clouds
415,Plettenberg Bay,ZA,2021-04-10 01:30:53,-34.0527,23.3716,60.57,80,53,1.97,broken clouds
416,Alice Springs,AU,2021-04-10 01:30:53,-23.7,133.8833,81.0,38,69,14.97,broken clouds
417,Bestobe,KZ,2021-04-10 01:30:54,52.4994,73.0975,32.43,98,100,9.78,overcast clouds
418,Karpathos,GR,2021-04-10 01:30:54,35.507,27.2132,50.0,46,0,28.77,clear sky
419,Bongandanga,CD,2021-04-10 01:30:54,1.5,21.05,69.84,89,68,2.21,broken clouds
420,Channel-Port Aux Basques,CA,2021-04-10 01:30:55,47.5702,-59.1367,38.19,82,19,15.73,few clouds
421,Bandarbeyla,SO,2021-04-10 01:30:55,9.4942,50.8122,76.05,72,0,4.92,clear sky
422,Itarema,BR,2021-04-10 01:30:55,-2.9248,-39.9167,79.38,84,40,11.77,scattered clouds
423,Portland,US,2021-04-10 01:30:38,45.5234,-122.6762,57.99,41,90,11.5,overcast clouds
424,Astoria,US,2021-04-10 01:30:56,46.1879,-123.8313,48.0,66,90,11.5,overcast clouds
425,Lusambo,CD,2021-04-10 01:30:56,-4.9667,23.45,68.92,98,100,1.77,overcast clouds
426,Palmer,US,2021-04-10 01:27:35,42.1584,-72.3287,57.2,58,75,5.75,broken clouds
427,Broken Hill,AU,2021-04-10 01:30:56,-31.95,141.4333,64.4,48,75,17.27,broken clouds
428,Sangar,RU,2021-04-10 01:30:57,63.9242,127.4739,19.38,90,100,3.96,light snow
429,Limoges,FR,2021-04-10 01:30:57,45.75,1.3333,46.99,87,90,12.66,overcast clouds
430,Nelson Bay,AU,2021-04-10 01:30:57,-32.7167,152.15,73.0,60,52,14.97,broken clouds
431,Uusikaupunki,FI,2021-04-10 01:30:57,60.8004,21.4084,37.4,87,90,8.05,overcast clouds
432,Cayenne,GF,2021-04-10 01:30:58,4.9333,-52.3333,79.0,94,0,4.36,clear sky
433,Merke,KZ,2021-04-10 01:30:58,42.8728,73.1786,53.35,45,6,3.98,clear sky
434,Vao,NC,2021-04-10 01:30:41,-22.6667,167.4833,76.08,90,100,15.32,moderate rain
435,Comodoro Rivadavia,AR,2021-04-10 01:30:58,-45.8667,-67.5,50.0,87,0,3.44,clear sky
436,Jiangyou,CN,2021-04-10 01:30:59,31.7667,104.7167,56.17,89,100,1.14,overcast clouds
437,Hastings,GB,2021-04-10 01:30:59,50.8552,0.5729,44.01,91,100,1.99,overcast clouds
438,Deputatskiy,RU,2021-04-10 01:31:00,69.3,139.9,-0.54,89,100,4.68,overcast clouds
439,Tautira,PF,2021-04-10 01:31:00,-17.7333,-149.15,86.0,66,40,5.75,scattered clouds
440,Christiana,ZA,2021-04-10 01:31:00,-27.914,25.1611,65.84,42,0,6.06,clear sky
441,Qui Nhon,VN,2021-04-10 01:31:00,13.7667,109.2333,80.91,73,55,8.16,broken clouds
442,Arlit,NE,2021-04-10 01:31:01,18.7369,7.3853,82.0,7,0,4.97,clear sky
443,La Joya,MX,2021-04-10 01:31:01,18.6667,-99.4667,81.18,23,12,4.88,few clouds
444,Geraldton,AU,2021-04-10 01:31:01,-28.7667,114.6,78.8,50,90,23.02,light rain
445,Bonavista,CA,2021-04-10 01:31:02,48.6499,-53.1147,35.01,100,100,8.05,moderate rain
446,Francia,HN,2021-04-10 01:31:02,15.85,-85.5833,84.2,58,75,3.44,broken clouds
447,Durazno,UY,2021-04-10 01:31:02,-33.4131,-56.5006,65.64,98,100,6.78,moderate rain
448,Huntington,US,2021-04-10 01:27:35,38.4193,-82.4452,73.4,23,1,4.61,clear sky
449,Pacific Grove,US,2021-04-10 01:31:03,36.6177,-121.9166,53.01,80,0,1.99,clear sky
450,Tukrah,LY,2021-04-10 01:31:03,32.5341,20.5791,52.48,61,0,18.79,clear sky
451,Cocobeach,GA,2021-04-10 01:31:04,1.0002,9.5823,78.8,100,40,3.44,light rain
452,Sigli,ID,2021-04-10 01:31:04,5.3848,95.9609,82.22,75,97,1.14,overcast clouds
453,Adrian,US,2021-04-10 01:31:04,41.8975,-84.0372,62.6,45,1,7.36,clear sky
454,Savonlinna,FI,2021-04-10 01:31:04,61.8699,28.88,37.4,81,90,20.71,overcast clouds
455,Cedar City,US,2021-04-10 01:31:05,37.6775,-113.0619,62.6,10,1,10.36,clear sky
456,Garoua Boulai,CM,2021-04-10 01:31:05,5.8833,14.55,67.98,82,100,2.77,overcast clouds
457,Wokha,IN,2021-04-10 01:31:05,26.1,94.2667,66.09,55,13,0.54,few clouds
458,Heze,CN,2021-04-10 01:31:06,35.2431,115.4411,64.87,42,20,11.18,few clouds
459,Muros,ES,2021-04-10 01:31:06,42.7762,-9.0603,54.0,93,83,3.0,broken clouds
460,Caravelas,BR,2021-04-10 01:31:06,-17.7125,-39.2481,72.68,88,27,7.52,scattered clouds
461,Maniitsoq,GL,2021-04-10 01:31:07,65.4167,-52.9,31.6,99,100,8.46,snow
462,Port Victoria,KE,2021-04-10 01:31:07,0.0939,33.9756,69.37,81,100,7.4,overcast clouds
463,Phuket,TH,2021-04-10 01:28:05,8.0,98.25,88.0,83,20,4.61,few clouds
464,Ardabil,IR,2021-04-10 01:29:53,38.2498,48.2933,52.79,69,78,3.11,broken clouds
465,Dunmore,US,2021-04-10 01:31:07,41.4198,-75.6324,57.2,67,90,4.61,overcast clouds
466,Shakawe,BW,2021-04-10 01:31:08,-18.3667,21.85,60.3,45,0,4.97,clear sky
467,Chaman,PK,2021-04-10 01:31:08,30.9236,66.4512,64.11,17,35,5.46,scattered clouds
468,Saint Anthony,US,2021-04-10 01:31:08,45.0205,-93.218,46.99,76,90,16.11,overcast clouds
469,Luzhou,CN,2021-04-10 01:31:09,28.8724,105.4405,59.41,86,100,1.72,overcast clouds
470,Harper,LR,2021-04-10 01:31:09,4.375,-7.7169,79.03,85,100,2.08,overcast clouds
471,Gimli,CA,2021-04-10 01:31:09,50.6336,-96.9907,44.6,65,100,12.66,overcast clouds
472,Sibu,MY,2021-04-10 01:31:10,2.3,111.8167,78.8,89,40,3.44,scattered clouds
473,Lazaro Cardenas,MX,2021-04-10 01:30:03,17.9583,-102.2,75.42,74,0,5.77,clear sky
474,Goderich,CA,2021-04-10 01:30:09,43.7501,-81.7165,66.2,48,86,12.66,overcast clouds
475,Ketchikan,US,2021-04-10 01:31:10,55.3422,-131.6461,39.2,56,90,1.92,light snow
476,Marawi,PH,2021-04-10 01:31:10,7.9986,124.2928,84.0,75,88,5.01,overcast clouds
477,Waipawa,NZ,2021-04-10 01:31:11,-41.4122,175.5153,69.01,73,75,17.27,very heavy rain
478,Port Keats,AU,2021-04-10 01:31:11,-14.25,129.55,91.51,50,100,4.43,overcast clouds
479,Kununurra,AU,2021-04-10 01:29:27,-15.7667,128.7333,87.8,62,46,4.61,scattered clouds
480,Mitzic,GA,2021-04-10 01:31:11,0.7821,11.549,69.35,97,100,0.54,overcast clouds
481,Laurel,US,2021-04-10 01:30:00,39.0993,-76.8483,55.99,94,90,6.91,overcast clouds
482,San Quintin,MX,2021-04-10 01:31:12,30.4833,-115.95,60.04,82,28,12.33,scattered clouds
483,Sao Filipe,CV,2021-04-10 01:31:12,14.8961,-24.4956,74.89,59,30,11.05,scattered clouds
484,Rio Gallegos,AR,2021-04-10 01:31:12,-51.6226,-69.2181,46.4,61,0,5.75,clear sky
485,Port Hardy,CA,2021-04-10 01:31:13,50.6996,-127.4199,39.2,87,90,16.11,light snow
486,Ust-Koksa,RU,2021-04-10 01:31:13,50.2696,85.6108,27.86,77,4,2.01,clear sky
487,Shar,KZ,2021-04-10 01:31:13,49.5886,81.0453,36.77,60,1,2.84,clear sky
488,Kashi,CN,2021-04-10 01:31:14,39.4547,75.9797,44.6,65,0,4.47,clear sky
489,Elbistan,TR,2021-04-10 01:31:14,38.2059,37.1983,43.32,67,92,6.35,overcast clouds
490,Lichuan,CN,2021-04-10 01:31:14,30.3,108.85,46.42,94,100,3.94,overcast clouds
491,Bud,US,2021-04-10 01:31:15,39.447,-86.1758,69.8,46,1,14.97,clear sky
492,Birnin Kebbi,NG,2021-04-10 01:31:15,12.4539,4.1975,83.21,10,5,4.81,clear sky
493,Phalombe,MW,2021-04-10 01:31:15,-15.8064,35.6507,59.54,91,100,1.83,overcast clouds
494,Bendigo,AU,2021-04-10 01:31:15,-36.7667,144.2833,60.01,60,57,11.01,broken clouds
495,Westport,US,2021-04-10 01:31:16,41.1415,-73.3579,50.0,81,75,6.91,broken clouds
496,Olafsvik,IS,2021-04-10 01:31:16,64.8945,-23.7142,31.44,62,12,5.61,few clouds
497,Perth,AU,2021-04-10 01:31:16,-31.9333,115.8333,73.0,56,0,21.85,clear sky
498,Muswellbrook,AU,2021-04-10 01:31:17,-32.2667,150.9,72.72,34,22,13.33,few clouds
499,Tessalit,ML,2021-04-10 01:31:17,20.1986,1.0114,80.31,13,0,8.16,clear sky
500,Iquique,CL,2021-04-10 01:31:17,-20.2208,-70.1431,66.2,72,90,3.44,overcast clouds
501,Dhidhdhoo,MV,2021-04-10 01:31:18,6.8833,73.1,82.09,71,2,1.48,clear sky
502,Naantali,FI,2021-04-10 01:31:18,60.4674,22.0243,37.4,87,90,8.05,overcast clouds
503,Seydi,TM,2021-04-10 01:31:18,39.4816,62.9137,63.23,31,0,8.97,clear sky
504,Murmansk,RU,2021-04-10 01:31:19,68.0,34.0,22.62,98,100,3.74,light snow
505,Port Augusta,AU,2021-04-10 01:31:19,-32.5,137.7667,66.2,59,75,16.11,broken clouds
506,Houma,US,2021-04-10 01:29:56,29.5958,-90.7195,77.0,88,90,16.11,overcast clouds
507,Sangin,AF,2021-04-10 01:31:19,32.0728,64.8359,67.82,14,96,0.76,overcast clouds
508,Winona,US,2021-04-10 01:31:20,43.9666,-91.7668,51.8,82,90,6.91,overcast clouds
509,Teknaf,BD,2021-04-10 01:31:20,20.8624,92.3058,80.94,71,6,2.28,clear sky
510,Pedernales,DO,2021-04-10 01:31:20,18.0384,-71.744,77.92,73,100,7.67,overcast clouds
511,Chernyshevskiy,RU,2021-04-10 01:31:21,63.0128,112.4714,3.79,75,100,10.85,overcast clouds
512,Morgan City,US,2021-04-10 01:31:21,29.6994,-91.2068,75.2,94,90,11.5,overcast clouds
513,Kawanoe,JP,2021-04-10 01:31:21,34.0167,133.5667,62.6,50,20,9.22,few clouds
514,Solnechnyy,RU,2021-04-10 01:31:22,50.7214,136.6319,42.98,57,8,6.87,clear sky
515,Christchurch,NZ,2021-04-10 01:31:22,-43.5333,172.6333,63.0,82,100,20.71,overcast clouds
516,Zhanaozen,KZ,2021-04-10 01:31:22,43.3,52.8,64.26,27,0,11.14,clear sky
517,Playas,EC,2021-04-10 01:31:23,-2.6333,-80.3833,75.18,86,100,5.32,light rain
518,Verkhnyaya Inta,RU,2021-04-10 01:31:23,65.9811,60.3094,33.19,81,62,14.9,broken clouds
519,Kismayo,SO,2021-04-10 01:31:23,-0.3582,42.5454,81.03,80,35,10.8,light rain
520,Sinazongwe,ZM,2021-04-10 01:31:23,-17.2614,27.4618,70.14,54,0,1.7,clear sky
521,Goroka,PG,2021-04-10 01:31:24,-6.0834,145.3873,64.63,91,100,2.01,heavy intensity rain
522,Nesebar,BG,2021-04-10 01:31:24,42.7833,27.7333,33.8,86,0,4.61,clear sky
523,Ayacucho,PE,2021-04-10 01:31:24,-13.1583,-74.2239,55.22,85,100,3.89,overcast clouds
524,Krasnoselkup,RU,2021-04-10 01:31:25,65.7,82.4667,28.72,90,100,14.34,overcast clouds
525,Jalingo,NG,2021-04-10 01:31:22,8.8833,11.3667,81.21,48,57,4.21,broken clouds
526,Giulianova,IT,2021-04-10 01:31:25,42.7612,13.9537,41.0,67,77,8.01,broken clouds
527,Parana,AR,2021-04-10 01:31:01,-31.732,-60.5238,68.0,97,76,7.74,broken clouds
528,Oudtshoorn,ZA,2021-04-10 01:31:26,-33.5907,22.2014,53.6,100,0,3.44,clear sky
529,Vanimo,PG,2021-04-10 01:31:26,-2.6741,141.3028,82.09,78,100,13.67,heavy intensity rain
530,Aconibe,GQ,2021-04-10 01:31:26,1.2968,10.9369,68.23,97,97,0.74,light rain
531,Jiwani,PK,2021-04-10 01:31:26,25.05,61.7417,77.49,69,0,0.78,clear sky
532,West Wendover,US,2021-04-10 01:31:27,40.7391,-114.0733,57.2,18,1,6.91,clear sky
533,Providencia,MX,2021-04-10 01:31:27,28.7167,-111.5833,88.0,18,6,1.99,clear sky
534,Puerto Madryn,AR,2021-04-10 01:31:27,-42.7692,-65.0385,56.66,70,20,5.59,few clouds
535,Black River,JM,2021-04-10 01:31:28,18.0264,-77.8487,78.8,78,20,3.44,few clouds
536,Hailar,CN,2021-04-10 01:31:28,49.2,119.7,47.75,47,100,16.98,overcast clouds
537,Hovd,MN,2021-04-10 01:31:28,48.0056,91.6419,33.71,64,94,1.19,overcast clouds
538,Sokoto,NG,2021-04-10 01:31:29,13.0609,5.239,86.63,8,1,9.75,clear sky
539,Saskylakh,RU,2021-04-10 01:31:29,71.9167,114.0833,-5.08,94,50,1.12,scattered clouds
540,Gat,IL,2021-04-10 01:31:29,31.61,34.7642,59.0,13,100,15.08,overcast clouds
541,Ciudad Bolivar,VE,2021-04-10 01:31:30,8.1222,-63.5497,83.46,65,85,14.58,overcast clouds
542,Lata,PT,2021-04-10 01:31:30,40.1629,-8.3327,57.99,90,29,3.94,scattered clouds
543,Nisia Floresta,BR,2021-04-10 01:31:30,-6.0911,-35.2086,78.8,83,0,10.36,clear sky
544,Zaysan,KZ,2021-04-10 01:31:30,47.4667,84.8667,42.69,52,1,3.85,clear sky
545,Allende,MX,2021-04-10 01:31:31,25.2833,-100.0167,96.8,13,20,11.5,few clouds
546,Tisul,RU,2021-04-10 01:31:31,55.7611,88.3122,33.28,91,96,3.53,overcast clouds
547,Pasighat,IN,2021-04-10 01:31:31,28.0667,95.3333,70.72,75,86,3.15,overcast clouds
548,Smithers,CA,2021-04-10 01:31:32,54.7804,-127.1743,39.2,48,90,24.16,light snow
549,Aborlan,PH,2021-04-10 01:31:32,9.4352,118.5492,86.0,74,40,11.5,scattered clouds
550,Leshan,CN,2021-04-10 01:31:32,29.5623,103.7639,58.01,89,100,0.83,overcast clouds
551,Moron,AR,2021-04-10 01:27:13,-34.6534,-58.6198,72.0,99,100,1.99,overcast clouds
552,Sinnamary,GF,2021-04-10 01:28:34,5.3833,-52.95,76.41,89,100,5.32,overcast clouds
553,Yabelo,ET,2021-04-10 01:31:33,4.8833,38.0833,58.23,85,29,5.1,scattered clouds
554,Bara,NG,2021-04-10 01:31:33,10.3744,10.7288,78.78,32,100,2.75,overcast clouds
555,Lakselv,NO,2021-04-10 01:31:34,70.0513,24.9718,8.6,85,88,4.61,overcast clouds
556,Yar-Sale,RU,2021-04-10 01:31:34,66.8333,70.8333,34.18,99,100,17.29,overcast clouds
557,Bafoulabe,ML,2021-04-10 01:31:34,13.8065,-10.8321,89.1,10,0,1.92,clear sky
558,Latung,PH,2021-04-10 01:31:35,5.5,120.8833,82.69,73,97,7.76,moderate rain
559,Mweka,CD,2021-04-10 01:30:12,-4.85,21.5667,68.45,97,100,2.1,overcast clouds
560,Aquiraz,BR,2021-04-10 01:31:35,-3.9014,-38.3911,84.2,79,0,6.91,clear sky
561,Kota Belud,MY,2021-04-10 01:31:35,6.351,116.4305,84.2,74,20,2.3,few clouds
562,Launceston,AU,2021-04-10 01:28:38,-41.45,147.1667,60.01,38,13,23.02,few clouds
563,Pemberton,CA,2021-04-10 01:30:08,50.3164,-122.8027,33.8,86,90,2.3,light snow
564,Saint-Georges,GD,2021-04-10 01:29:34,12.0564,-61.7485,82.4,74,20,16.11,few clouds
565,Wattegama,LK,2021-04-10 01:31:36,6.7989,81.4808,75.2,100,20,3.44,few clouds
566,Porto Nacional,BR,2021-04-10 01:31:36,-10.7081,-48.4172,78.8,83,40,3.44,scattered clouds
567,Cavalcante,BR,2021-04-10 01:31:37,-13.7975,-47.4583,68.54,75,100,5.01,overcast clouds
568,Amarante Do Maranhao,BR,2021-04-10 01:31:37,-5.5667,-46.7422,73.47,84,98,1.86,overcast clouds
569,Oriximina,BR,2021-04-10 01:31:37,-1.7656,-55.8661,75.22,88,98,2.68,overcast clouds
570,Nortelandia,BR,2021-04-10 01:31:38,-14.4547,-56.8028,73.35,89,65,2.98,moderate rain
571,Mayo,US,2021-04-10 01:31:38,38.8876,-76.5119,57.99,94,90,6.91,overcast clouds
572,Medicine Hat,CA,2021-04-10 01:29:40,50.0501,-110.6683,53.6,26,40,14.97,scattered clouds
573,Lillooet,CA,2021-04-10 01:31:38,50.6856,-121.942,42.8,61,90,17.27,overcast clouds
574,Umm Lajj,SA,2021-04-10 01:31:39,25.0213,37.2685,72.01,67,0,9.69,clear sky
575,Grand Gaube,MU,2021-04-10 01:31:39,-20.0064,57.6608,79.0,79,96,5.01,light rain
576,Ahraura,IN,2021-04-10 01:31:39,25.0167,83.0167,73.4,53,6,3.44,haze
577,Ulladulla,AU,2021-04-10 01:31:39,-35.35,150.4667,68.0,37,85,16.11,overcast clouds
578,Te Anau,NZ,2021-04-10 01:31:40,-45.4167,167.7167,50.67,94,100,1.66,overcast clouds
579,Guaraniacu,BR,2021-04-10 01:31:40,-25.1008,-52.8781,64.27,73,12,2.06,few clouds
580,Camacha,PT,2021-04-10 01:31:40,33.0833,-16.3333,62.6,88,40,9.22,scattered clouds
581,Navahrudak,BY,2021-04-10 01:31:41,53.6,25.8333,36.59,72,100,11.74,overcast clouds
582,Randazzo,IT,2021-04-10 01:31:41,37.8774,14.9501,51.01,55,55,1.99,broken clouds
583,Porto Novo,BJ,2021-04-10 01:31:41,6.4965,2.6036,80.6,89,20,8.05,few clouds
584,Hamilton,US,2021-04-10 01:30:09,39.1834,-84.5333,66.0,59,75,5.75,broken clouds
585,Karatuzskoye,RU,2021-04-10 01:31:42,53.6072,92.8667,31.55,81,58,4.32,broken clouds
586,Lampazos De Naranjo,MX,2021-04-10 01:31:42,27.0167,-100.5167,86.13,7,2,8.81,clear sky
587,Saint-Joseph,RE,2021-04-10 01:31:42,-21.3667,55.6167,77.0,69,100,5.75,overcast clouds
588,Mahajanga,MG,2021-04-10 01:31:43,-15.7167,46.3167,73.4,94,40,2.3,scattered clouds
589,Mandalgovi,MN,2021-04-10 01:31:43,45.7625,106.2708,40.71,78,100,14.56,overcast clouds
590,Balkhash,KZ,2021-04-10 01:31:43,46.844,74.9804,48.2,61,0,13.42,clear sky
591,Nome,US,2021-04-10 01:31:44,64.5011,-165.4064,0.0,65,90,11.5,overcast clouds
592,Samarai,PG,2021-04-10 01:31:44,-10.6167,150.6667,79.34,84,100,13.82,overcast clouds
593,Filadelfia,US,2021-04-10 01:29:19,39.9523,-75.1638,55.0,82,90,10.36,moderate rain
594,Kutum,SD,2021-04-10 01:31:44,14.2,24.6667,67.03,11,34,7.94,scattered clouds
595,Maltahohe,NA,2021-04-10 01:31:45,-24.8333,16.9833,66.29,38,0,7.18,clear sky
596,Pochutla,MX,2021-04-10 01:28:02,15.7432,-96.4661,82.4,69,20,11.5,few clouds
597,Polunochnoye,RU,2021-04-10 01:31:45,60.8697,60.4153,31.98,95,100,2.71,overcast clouds
598,Ust-Kuyga,RU,2021-04-10 01:31:45,70.0167,135.6,-6.38,87,58,7.7,broken clouds
599,Verkhoyansk,RU,2021-04-10 01:31:46,67.5447,133.385,1.0,81,95,8.84,overcast clouds
600,Aykhal,RU,2021-04-10 01:31:46,66.0,111.5,-5.8,98,98,15.88,overcast clouds
601,Leningradskiy,RU,2021-04-10 01:31:46,69.3833,178.4167,-6.72,91,57,5.55,broken clouds
602,Otradnoye,RU,2021-04-10 01:28:20,59.7775,30.8181,41.0,75,75,17.9,broken clouds
603,Pundaguitan,PH,2021-04-10 01:31:47,6.3711,126.1689,81.84,74,16,4.05,few clouds
604,Benjamin Constant,BR,2021-04-10 01:31:47,-4.3831,-70.0311,77.0,100,75,2.3,broken clouds
605,Axim,GH,2021-04-10 01:31:47,4.8699,-2.2405,80.1,85,100,1.68,light rain
606,Karratha,AU,2021-04-10 01:31:48,-20.7377,116.8463,87.15,63,53,15.86,broken clouds
607,Elizabeth City,US,2021-04-10 01:31:48,36.2946,-76.2511,68.0,88,90,11.5,heavy intensity rain
608,Nata,PA,2021-04-10 01:31:48,8.3333,-80.5167,75.2,94,20,5.75,few clouds
609,Carpinteria,US,2021-04-10 01:30:42,34.3989,-119.5185,75.99,47,1,1.99,clear sky
610,Buseresere,TZ,2021-04-10 01:31:49,-3.0236,31.8747,61.0,96,91,1.72,light rain
611,Goundam,ML,2021-04-10 01:31:49,16.4145,-3.6708,82.27,12,0,8.68,clear sky
612,Ferme-Neuve,CA,2021-04-10 01:31:49,46.7001,-75.4493,60.8,59,100,4.61,overcast clouds
613,Waupun,US,2021-04-10 01:31:50,43.6333,-88.7296,55.4,87,40,4.61,scattered clouds
614,Vilyuysk,RU,2021-04-10 01:31:50,63.7553,121.6247,11.71,87,100,9.55,overcast clouds
615,Galle,LK,2021-04-10 01:31:50,6.0367,80.217,79.05,78,13,2.77,few clouds
616,Hanchuan,CN,2021-04-10 01:31:51,30.65,113.7667,60.8,51,0,11.18,light rain
617,Gold Coast,AU,2021-04-10 01:31:51,-28.0,153.4333,88.0,65,0,9.22,clear sky
618,Kieta,PG,2021-04-10 01:31:51,-6.2167,155.6333,84.09,74,43,5.61,light rain
619,Onega,RU,2021-04-10 01:31:52,63.9061,38.1404,35.67,83,100,17.72,overcast clouds
620,State College,US,2021-04-10 01:29:51,40.7934,-77.86,53.01,93,90,4.61,mist
621,Buala,SB,2021-04-10 01:31:52,-8.145,159.5921,81.28,82,100,9.35,light rain
622,Santa Maria,BR,2021-04-10 01:31:52,-29.6842,-53.8069,75.2,83,0,2.3,clear sky
623,Kuusamo,FI,2021-04-10 01:31:53,65.9667,29.1833,32.0,86,90,16.11,light snow
624,Gull Lake,CA,2021-04-10 01:31:53,50.1001,-108.4847,51.8,24,1,17.27,clear sky
625,Albury,AU,2021-04-10 01:31:54,-36.0833,146.9167,60.8,63,90,12.66,overcast clouds
626,Koumra,TD,2021-04-10 01:31:54,8.9126,17.5539,82.47,45,100,4.36,overcast clouds
627,Qaqortoq,GL,2021-04-10 01:28:36,60.7167,-46.0333,37.4,75,75,3.44,light rain
628,Manta,EC,2021-04-10 01:30:56,-0.95,-80.7333,80.6,83,40,3.44,scattered clouds
629,Ciudad Guayana,VE,2021-04-10 01:31:54,8.3533,-62.6528,76.73,87,58,7.65,broken clouds
630,Tadine,NC,2021-04-10 01:31:55,-21.55,167.8833,76.23,90,100,9.22,overcast clouds
631,Puerto Escondido,MX,2021-04-10 01:31:55,15.85,-97.0667,82.4,74,20,8.61,few clouds
632,Corinto,GR,2021-04-10 01:31:55,37.9407,22.9573,39.99,34,0,1.99,clear sky
633,Velsk,RU,2021-04-10 01:31:56,61.0701,42.0983,32.76,79,26,12.37,scattered clouds
634,Sioux Lookout,CA,2021-04-10 01:31:56,50.1001,-91.917,41.0,100,90,9.22,light intensity drizzle
635,Pahalgam,IN,2021-04-10 01:31:57,34.0333,75.3333,34.65,62,14,8.88,few clouds
636,Ahuimanu,US,2021-04-10 01:31:57,21.4447,-157.8378,80.6,60,40,13.8,scattered clouds
637,Central Point,US,2021-04-10 01:31:16,42.376,-122.9164,68.0,15,1,9.22,clear sky
638,Merauke,ID,2021-04-10 01:31:57,-8.4667,140.3333,84.65,68,71,4.32,broken clouds
639,Aklavik,CA,2021-04-10 01:31:58,68.2191,-135.0107,-13.0,70,100,9.22,overcast clouds
640,Salamiyah,SY,2021-04-10 01:31:58,35.0113,37.0532,49.15,69,2,16.28,clear sky
641,Sobolevo,RU,2021-04-10 01:31:58,54.4299,31.8996,33.85,80,63,10.51,broken clouds
642,Amapa,BR,2021-04-10 01:31:58,1.0,-52.0,71.38,98,39,1.23,scattered clouds
643,Belmonte,BR,2021-04-10 01:31:59,-15.8631,-38.8828,73.4,83,75,6.91,mist
644,San Jose,US,2021-04-10 01:31:56,37.3394,-121.895,61.0,58,20,17.27,few clouds
645,Ilabaya,PE,2021-04-10 01:31:59,-17.4208,-70.5133,64.9,76,99,2.39,overcast clouds
646,Xiuyan,CN,2021-04-10 01:32:00,40.2928,123.2744,56.43,21,88,10.51,light rain
647,Ixtapa,MX,2021-04-10 01:32:00,20.7,-105.2,77.0,78,1,9.22,clear sky
648,Marathon,US,2021-04-10 01:32:00,44.9,-89.7668,51.8,82,90,4.61,overcast clouds
649,Haldwani,IN,2021-04-10 01:32:00,29.2167,79.5167,79.45,11,0,3.49,clear sky
650,Quatre Cocos,MU,2021-04-10 01:31:44,-20.2078,57.7625,79.0,88,75,9.22,light rain
651,Salur,IN,2021-04-10 01:32:01,18.5333,83.2167,81.41,59,78,1.63,broken clouds
652,Bouna,CI,2021-04-10 01:32:01,9.2667,-3.0,82.2,64,99,8.03,overcast clouds
653,Balakhta,RU,2021-04-10 01:32:01,55.38,91.6,32.2,95,99,3.89,overcast clouds
654,Igrim,RU,2021-04-10 01:32:02,63.1906,64.4162,33.3,97,100,4.81,overcast clouds
655,Udayagiri,IN,2021-04-10 01:32:02,20.1333,84.3833,81.01,42,72,1.45,broken clouds
656,Swan River,CA,2021-04-10 01:30:16,52.1058,-101.2676,44.6,45,0,5.75,clear sky
657,Vallenar,CL,2021-04-10 01:32:02,-28.5708,-70.7581,65.19,60,65,1.23,broken clouds
658,Stevenage,GB,2021-04-10 01:32:03,51.9022,-0.2026,41.0,87,90,2.3,overcast clouds
659,Port-Gentil,GA,2021-04-10 01:32:03,-0.7193,8.7815,80.02,82,100,6.29,overcast clouds
660,Goya,AR,2021-04-10 01:32:03,-29.14,-59.2626,77.31,76,40,6.78,scattered clouds
661,Masumbwe,TZ,2021-04-10 01:32:04,-3.6333,32.1833,62.01,98,99,3.24,moderate rain
662,Auki,SB,2021-04-10 01:27:27,-8.7676,160.7034,81.84,79,100,7.87,overcast clouds
663,Gorontalo,ID,2021-04-10 01:32:04,0.5412,123.0595,88.56,60,96,2.28,overcast clouds
664,Fakel,RU,2021-04-10 01:32:05,57.6325,53.0252,30.97,97,100,1.97,light snow
665,Alta Floresta,BR,2021-04-10 01:32:05,-9.8756,-56.0861,77.0,94,75,5.75,broken clouds
666,Gaogou,CN,2021-04-10 01:32:05,34.0175,119.1886,61.16,35,6,11.59,light rain
667,Meiringen,CH,2021-04-10 01:32:05,46.7268,8.184,44.6,65,90,5.75,overcast clouds
668,Vaasa,FI,2021-04-10 01:32:06,63.096,21.6158,33.8,69,40,13.8,scattered clouds
669,Lubango,AO,2021-04-10 01:32:06,-14.9172,13.4925,59.85,71,67,1.48,broken clouds
670,Romita,MX,2021-04-10 01:32:06,20.8667,-101.5167,82.4,13,1,13.8,clear sky
671,Olbia,IT,2021-04-10 01:32:07,40.9214,9.4856,46.4,93,40,4.61,scattered clouds
672,Clearlake,US,2021-04-10 01:32:07,38.9582,-122.6264,66.0,55,0,3.0,clear sky
673,Copiapo,CL,2021-04-10 01:32:07,-27.3667,-70.3333,59.0,88,90,5.75,overcast clouds
674,Fernie,CA,2021-04-10 01:32:08,49.5,-115.0687,41.0,52,100,6.91,overcast clouds
675,Methoni,GR,2021-04-10 01:32:08,36.8197,21.7049,48.99,65,41,5.75,scattered clouds
676,Katherine,AU,2021-04-10 01:32:08,-14.4667,132.2667,89.6,51,40,3.44,scattered clouds
677,Akhalgori,GE,2021-04-10 01:32:09,42.126,44.4833,46.4,81,40,29.93,scattered clouds
678,Khanpur,PK,2021-04-10 01:32:09,28.6453,70.6567,78.39,15,5,6.93,clear sky
679,College,US,2021-04-10 01:32:09,64.8569,-147.8028,5.0,47,75,5.75,broken clouds
680,Morondava,MG,2021-04-10 01:32:10,-20.2833,44.2833,73.98,77,99,4.56,overcast clouds
681,Petatlan,MX,2021-04-10 01:30:14,17.5167,-101.2667,84.2,65,1,5.75,clear sky
682,Sakakah,SA,2021-04-10 01:32:10,29.9697,40.2064,60.8,36,0,14.97,clear sky
683,Campana,AR,2021-04-10 01:32:10,-34.1687,-58.9591,69.01,93,100,4.9,overcast clouds
684,Makakilo City,US,2021-04-10 01:32:11,21.3469,-158.0858,80.6,41,1,12.66,clear sky
685,Magan,ES,2021-04-10 01:32:11,39.9683,-3.931,51.01,81,0,3.44,clear sky
686,Taywarah,AF,2021-04-10 01:32:11,33.35,64.4167,42.71,33,26,3.98,scattered clouds
687,Nanning,CN,2021-04-10 01:28:53,22.8167,108.3167,60.8,94,90,4.47,mist
688,Kishi,NG,2021-04-10 01:31:25,9.0833,3.85,75.67,66,59,8.19,broken clouds
689,Springdale,US,2021-04-10 01:32:12,36.1867,-94.1288,69.8,60,20,5.75,few clouds
690,Svetlogorsk,BY,2021-04-10 01:32:12,52.6333,29.7333,34.56,71,46,9.73,scattered clouds
691,Nouadhibou,MR,2021-04-10 01:32:12,20.931,-17.0347,64.4,82,0,17.27,clear sky
692,Nsanje,MW,2021-04-10 01:32:13,-16.92,35.262,66.13,97,100,2.8,overcast clouds
693,Vila Franca Do Campo,PT,2021-04-10 01:32:13,37.7167,-25.4333,59.0,88,40,6.91,scattered clouds
694,Odweyne,SO,2021-04-10 01:32:13,9.4092,45.064,67.78,35,0,6.33,clear sky
695,Gillette,US,2021-04-10 01:32:14,44.2911,-105.5022,44.6,39,1,3.44,clear sky
696,Rumphi,MW,2021-04-10 01:32:14,-11.0186,33.8575,59.99,95,96,3.06,overcast clouds
697,Salisbury,GB,2021-04-10 01:32:14,51.0693,-1.7957,42.8,87,75,5.75,broken clouds
698,Denpasar,ID,2021-04-10 01:32:15,-8.65,115.2167,84.2,84,20,3.44,few clouds
699,Djambala,CG,2021-04-10 01:32:15,-2.5447,14.7533,69.58,86,98,0.98,light rain
700,Meulaboh,ID,2021-04-10 01:32:15,4.1363,96.1285,80.76,82,99,2.55,overcast clouds
701,Santa Rosa,PH,2021-04-10 01:31:19,14.3122,121.1114,89.01,55,20,12.66,few clouds
702,Mill Valley,US,2021-04-10 01:32:16,37.906,-122.545,55.0,73,0,5.01,clear sky
703,Wahpeton,US,2021-04-10 01:32:16,46.2652,-96.6059,45.0,81,1,12.66,clear sky
704,Ayan,RU,2021-04-10 01:32:16,56.45,138.1667,26.13,96,100,4.07,overcast clouds
705,Vostok,RU,2021-04-10 01:32:16,46.4856,135.8833,41.79,47,39,7.45,scattered clouds
706,Gravelbourg,CA,2021-04-10 01:32:17,49.8834,-106.5512,48.2,25,10,9.22,clear sky
707,Ormara,PK,2021-04-10 01:32:17,25.2088,64.6357,77.9,62,0,6.02,clear sky
708,Coquimbo,CL,2021-04-10 01:32:17,-29.9533,-71.3436,59.0,82,0,3.44,clear sky
709,San Felipe,VE,2021-04-10 01:32:18,10.3399,-68.7425,71.56,96,100,3.69,overcast clouds
710,Birin,NP,2021-04-10 01:32:18,26.8865,88.0718,67.19,39,0,2.26,clear sky
711,Yagodnoye,RU,2021-04-10 01:32:18,62.55,149.6667,11.66,82,100,6.42,light snow
712,San Pedro De Macoris,DO,2021-04-10 01:30:10,18.4616,-69.2972,75.0,94,75,6.91,broken clouds
713,Ust-Nera,RU,2021-04-10 01:32:19,64.5667,143.2,11.97,82,100,8.25,overcast clouds
714,Abrau-Dyurso,RU,2021-04-10 01:32:19,44.69,37.59,41.0,81,100,11.18,overcast clouds
715,Zhangye,CN,2021-04-10 01:32:19,38.9342,100.4517,53.47,34,100,4.34,overcast clouds
716,Hobyo,SO,2021-04-10 01:32:20,5.3505,48.5268,81.34,66,50,10.47,scattered clouds
717,Lodwar,KE,2021-04-10 01:32:20,3.1191,35.5973,83.71,49,14,11.1,few clouds
718,Hermiston,US,2021-04-10 01:30:57,45.8404,-119.2895,64.4,25,1,12.66,clear sky
719,Tabuk,PH,2021-04-10 01:32:20,17.4189,121.4443,81.21,59,44,5.97,scattered clouds
720,Puerto Carreno,CO,2021-04-10 01:32:21,6.189,-67.4859,74.82,93,100,7.47,overcast clouds
721,Caibarien,CU,2021-04-10 01:32:21,22.5206,-79.4669,75.2,78,40,9.22,scattered clouds
722,Ligayan,PH,2021-04-10 01:32:21,4.6533,119.4706,81.72,74,61,5.28,broken clouds
723,Honolulu,US,2021-04-10 01:28:17,21.3069,-157.8583,80.6,44,40,18.41,scattered clouds
724,Muromtsevo,RU,2021-04-10 01:32:22,56.3724,75.2418,31.77,86,100,8.95,overcast clouds
725,Den Helder,NL,2021-04-10 01:32:22,52.9599,4.7593,41.0,87,90,6.91,overcast clouds
726,Sorong,ID,2021-04-10 01:32:22,-0.8833,131.25,82.56,78,99,6.85,overcast clouds
727,Kralendijk,BQ,2021-04-10 01:30:19,12.15,-68.2667,80.6,78,100,12.66,overcast clouds
728,Kristiansund,NO,2021-04-10 01:32:23,63.1115,7.732,33.8,80,75,21.85,light rain
729,Tilichiki,RU,2021-04-10 01:32:23,60.4667,166.1,11.35,83,100,12.53,overcast clouds
730,Whyalla,AU,2021-04-10 01:32:23,-33.0333,137.5833,66.2,59,75,16.11,broken clouds
731,Cockburn Town,TC,2021-04-10 01:32:24,21.4612,-71.1419,75.6,61,39,18.34,scattered clouds
732,Hirara,JP,2021-04-10 01:32:24,24.8,125.2833,73.4,73,75,13.8,broken clouds
733,Juegang,CN,2021-04-10 01:32:24,32.3174,121.1855,63.0,68,53,1.99,broken clouds
734,Bihoro,JP,2021-04-10 01:32:25,43.8228,144.1044,44.6,45,40,10.36,scattered clouds
735,Kalmunai,LK,2021-04-10 01:32:25,7.4167,81.8167,80.69,74,4,5.23,clear sky
736,Bonfim,BR,2021-04-10 01:32:25,3.0833,-59.95,74.28,91,100,2.21,light rain
737,Porto-Vecchio,FR,2021-04-10 01:32:26,41.591,9.2795,55.4,76,0,10.36,clear sky
